id,escola_id,nome_completo,data_nascimento,genero,turma,status_matricula,cor_raca,faixa_renda
4fc828a4-fd02-40d2-afbd-af4c70240688,15b74999-8d06-4125-9b81-1711dd786399,Letícia Silva Souza,2009-12-3,F,3B,Ativo,Não declarado,3-6 SM
57058922-8097-4145-bee9-96ad8ce5627e,35b74999-8d06-4125-9b81-1711dd786397,Bruno Alves Santos,2010-9-17,M,1A,Ativo,Indígena,3-6 SM
511aecbf-fe77-4de2-91aa-b1103732f135,25b74999-8d06-4125-9b81-1711dd786398,Gustavo Santos Gomes,2012-7-22,M,2B,Ativo,Preta,3-6 SM
29fee9a5-4344-4c2f-8bab-e818eaeeb0a6,35b74999-8d06-4125-9b81-1711dd786397,Pedro Silva Lopes,2012-8-22,M,3A,Ativo,Preta,Até 3 SM
58425a78-23c7-43dc-a02c-503cd774dd2e,15b74999-8d06-4125-9b81-1711dd786399,Bruno Alves Pereira,2012-4-12,M,2B,Ativo,Parda,3-6 SM
6fcfec10-c24f-4463-97c5-983dc33b92db,15b74999-8d06-4125-9b81-1711dd786399,Valentina Alves Almeida,2011-6-13,F,3B,Ativo,Parda,Até 3 SM
50b79a6f-1317-4ec5-8226-0c38d97cd41e,15b74999-8d06-4125-9b81-1711dd786399,Leonardo Silva Silva,2008-5-6,M,1A,Ativo,Branca,Até 3 SM
a983afd6-15ec-43cc-82c1-9d9a4467f0a3,15b74999-8d06-4125-9b81-1711dd786399,Gabriel Carvalho Ribeiro,2012-5-6,M,1A,Ativo,Indígena,Até 3 SM
fbffce82-cfb4-4600-a8a7-6fa962cbacdd,25b74999-8d06-4125-9b81-1711dd786398,Leonardo Almeida Ferreira,2009-1-28,M,1B,Inadimplente,Preta,Até 3 SM
c0b0140b-3405-42d1-8f20-2df7fca6a87b,35b74999-8d06-4125-9b81-1711dd786397,Guilherme Alves Carvalho,2008-3-11,M,2B,Ativo,Indígena,Acima de 10 SM
a7a630bb-99d2-4485-8430-8ec979fbea2b,15b74999-8d06-4125-9b81-1711dd786399,Valentina Souza Alves,2008-5-14,F,3B,Evadido,Parda,Até 3 SM
b51fdd72-83f1-4817-9095-b0ab2c375914,25b74999-8d06-4125-9b81-1711dd786398,Maria Costa Gomes,2009-6-15,F,3B,Evadido,Amarela,6-10 SM
4fc99f62-323f-436e-9ccd-a94eead98e1f,25b74999-8d06-4125-9b81-1711dd786398,Vitor Almeida Martins,2011-3-4,M,1B,Ativo,Não declarado,Acima de 10 SM
d8baeff9-0f39-4abb-bc8f-f89d09c7d8ab,25b74999-8d06-4125-9b81-1711dd786398,Amanda Rodrigues Pereira,2011-4-26,F,2A,Ativo,Parda,3-6 SM
06937000-9015-476f-b491-258a643ba872,25b74999-8d06-4125-9b81-1711dd786398,Gustavo Almeida Gomes,2010-10-7,M,2A,Evadido,Indígena,Acima de 10 SM
a6213355-9bbf-4c01-bb50-69062c368880,35b74999-8d06-4125-9b81-1711dd786397,Camila Lima Silva,2010-11-4,F,2A,Ativo,Não declarado,3-6 SM
2f9f38d2-4a3f-4afb-b2c2-8aab06c1a5d0,15b74999-8d06-4125-9b81-1711dd786399,Mariana Costa Oliveira,2008-3-19,F,2A,Ativo,Amarela,Acima de 10 SM
ace442a8-8d00-4ee4-b6ab-c23602e9f3d0,35b74999-8d06-4125-9b81-1711dd786397,Leonardo Alves Souza,2009-10-12,M,1A,Ativo,Parda,3-6 SM
a1e2de7a-fa66-4c9b-8197-7ba66f19b525,25b74999-8d06-4125-9b81-1711dd786398,Beatriz Ribeiro Martins,2011-6-24,F,3B,Ativo,Indígena,Até 3 SM
b22770ec-6e6a-406c-bc03-1060293a5bd6,35b74999-8d06-4125-9b81-1711dd786397,Gabriel Pereira Almeida,2010-11-12,M,3A,Ativo,Parda,Acima de 10 SM
6b9d24ee-7f60-4c2c-a16a-143cf845f526,35b74999-8d06-4125-9b81-1711dd786397,Helena Ribeiro Oliveira,2011-4-1,F,3B,Ativo,Parda,3-6 SM
a5195b18-6659-46af-a509-8583efdd74a1,35b74999-8d06-4125-9b81-1711dd786397,Larissa Oliveira Alves,2010-6-16,F,2B,Ativo,Parda,Até 3 SM
029e8d0a-a3be-4ab3-9dd1-abdc31ccd69e,35b74999-8d06-4125-9b81-1711dd786397,Amanda Lima Oliveira,2010-2-11,F,3B,Ativo,Indígena,6-10 SM
888ef7b1-5beb-4ce6-b2f0-89bada0964b1,35b74999-8d06-4125-9b81-1711dd786397,Camila Carvalho Carvalho,2012-10-24,F,2A,Inadimplente,Preta,3-6 SM
718bd7a2-b81e-4900-913f-d4d4b6b81c65,25b74999-8d06-4125-9b81-1711dd786398,Rodrigo Lopes Alves,2011-6-4,M,1A,Ativo,Não declarado,6-10 SM
184f4b1c-737e-4535-81df-7ababcc2ad74,25b74999-8d06-4125-9b81-1711dd786398,Valentina Martins Lopes,2012-7-19,F,2B,Evadido,Parda,Acima de 10 SM
677c7045-f128-4171-bb0e-f72a9c46cc2b,25b74999-8d06-4125-9b81-1711dd786398,Sophia Oliveira Alves,2012-7-20,F,1A,Ativo,Preta,3-6 SM
4f011c73-ebd2-48ae-9ca5-8c45e0c53ca9,35b74999-8d06-4125-9b81-1711dd786397,Gabriela Ribeiro Lopes,2012-2-18,F,3B,Evadido,Branca,Acima de 10 SM
7640f12d-e5e6-4234-9e6d-42e797d946f9,35b74999-8d06-4125-9b81-1711dd786397,Gabriela Lopes Lima,2011-9-8,F,1B,Ativo,Branca,6-10 SM
8670cd2d-b698-4c71-a132-4572327c8bef,35b74999-8d06-4125-9b81-1711dd786397,Beatriz Carvalho Lima,2011-7-27,F,1B,Ativo,Parda,3-6 SM
29aa1fd5-69f0-4295-b080-96c2b81cdbd5,35b74999-8d06-4125-9b81-1711dd786397,Leonardo Martins Martins,2008-11-27,M,3B,Ativo,Branca,Até 3 SM
778f2027-cd70-44ee-8f69-eae4ffeccbb6,25b74999-8d06-4125-9b81-1711dd786398,Daniel Martins Rodrigues,2011-9-19,M,1A,Ativo,Preta,Até 3 SM
8712b274-8797-4c91-b756-de4ee2f3ed6e,35b74999-8d06-4125-9b81-1711dd786397,Bruno Martins Ferreira,2009-3-25,M,1B,Evadido,Branca,Até 3 SM
f765ed7e-cbb8-4255-b592-bb07e885c9d6,15b74999-8d06-4125-9b81-1711dd786399,Sophia Gomes Silva,2010-6-15,F,2B,Ativo,Branca,Acima de 10 SM
cdc14a86-2d8d-46bc-94fb-6dd37d156d0e,15b74999-8d06-4125-9b81-1711dd786399,João Lima Alves,2012-7-22,M,3A,Ativo,Não declarado,3-6 SM
10b62524-b0d7-42e5-b76d-e68ade76f86e,15b74999-8d06-4125-9b81-1711dd786399,Guilherme Ribeiro Silva,2012-9-2,M,3A,Ativo,Indígena,Até 3 SM
2659be60-0f0c-4450-a7a5-d07e905d518d,25b74999-8d06-4125-9b81-1711dd786398,Rafael Souza Oliveira,2008-4-13,M,2A,Ativo,Parda,Acima de 10 SM
ee712d05-fc6a-467c-90c6-15c167ba2353,25b74999-8d06-4125-9b81-1711dd786398,Vitor Silva Rodrigues,2010-10-10,M,3B,Ativo,Preta,Até 3 SM
63509094-f79f-453a-a37e-eb5262658bed,15b74999-8d06-4125-9b81-1711dd786399,Matheus Almeida Souza,2012-9-17,M,1B,Evadido,Parda,Até 3 SM
f5e0fee2-3c02-460e-93b3-ccb921e5fe66,35b74999-8d06-4125-9b81-1711dd786397,Gustavo Costa Ribeiro,2011-8-5,M,1A,Ativo,Amarela,6-10 SM
4e39518d-8dfc-498e-8d64-6df371582ad5,35b74999-8d06-4125-9b81-1711dd786397,João Costa Rodrigues,2009-11-14,M,1B,Ativo,Indígena,3-6 SM
3d115992-d1d8-41f3-9b4d-319e6c5116e7,15b74999-8d06-4125-9b81-1711dd786399,Gabriel Costa Silva,2011-9-12,M,3A,Ativo,Indígena,Acima de 10 SM
cced2feb-953c-4e3b-b99d-8d62ea86ec19,25b74999-8d06-4125-9b81-1711dd786398,Mariana Lopes Alves,2012-10-19,F,3B,Ativo,Branca,Até 3 SM
13d3bedf-db9e-4fa1-b000-ea79548266a1,35b74999-8d06-4125-9b81-1711dd786397,Beatriz Pereira Souza,2010-6-25,F,3B,Ativo,Branca,Acima de 10 SM
abe6e425-e532-4bc9-8ebc-062ac55bd37c,35b74999-8d06-4125-9b81-1711dd786397,Helena Gomes Carvalho,2010-4-2,F,3B,Ativo,Preta,3-6 SM
351e2ef8-d76f-4d64-98a7-fa6f53070953,15b74999-8d06-4125-9b81-1711dd786399,Letícia Souza Costa,2012-3-18,F,2B,Evadido,Parda,3-6 SM
8ea28d62-9ce9-46fc-a365-f21e68a34465,15b74999-8d06-4125-9b81-1711dd786399,Rodrigo Ferreira Rodrigues,2009-6-3,M,2A,Ativo,Parda,Acima de 10 SM
9b91ea95-f18a-4ffa-bcb1-f0b4995cf8ab,15b74999-8d06-4125-9b81-1711dd786399,Luana Alves Ribeiro,2012-4-7,F,1B,Ativo,Não declarado,3-6 SM
c807d11e-eff1-410d-a8e7-7fcbacb60d80,25b74999-8d06-4125-9b81-1711dd786398,Maria Ferreira Lima,2011-12-9,F,2A,Ativo,Parda,3-6 SM
813a6f52-7460-4fc3-939a-95a2f79bb130,15b74999-8d06-4125-9b81-1711dd786399,Rodrigo Santos Carvalho,2011-8-21,M,3A,Ativo,Não declarado,6-10 SM
7d25a4a3-428a-4201-a617-7a01b8a0327d,25b74999-8d06-4125-9b81-1711dd786398,Gustavo Souza Ferreira,2012-5-13,M,1B,Inadimplente,Branca,3-6 SM
04be7bfb-b1fa-414a-b186-5566b5d481b6,35b74999-8d06-4125-9b81-1711dd786397,Matheus Almeida Lopes,2009-10-17,M,3B,Ativo,Branca,6-10 SM
e8a0fa08-49d2-4db6-b2eb-dc306e08fc27,25b74999-8d06-4125-9b81-1711dd786398,Thiago Almeida Ribeiro,2008-1-16,M,1B,Evadido,Branca,3-6 SM
52d4661d-b354-4951-b1f0-b6349f207356,15b74999-8d06-4125-9b81-1711dd786399,Mariana Ribeiro Rodrigues,2009-11-21,F,1B,Inadimplente,Branca,3-6 SM
f5685f98-8162-4828-ae1f-3311542c24bd,15b74999-8d06-4125-9b81-1711dd786399,Felipe Costa Rodrigues,2012-12-1,M,3B,Evadido,Parda,3-6 SM
a27fd264-4225-42a6-8c48-ff0f85c3f435,15b74999-8d06-4125-9b81-1711dd786399,Amanda Alves Carvalho,2011-2-10,F,2B,Evadido,Parda,Até 3 SM
106433e4-a150-423a-bf88-6519fd467117,35b74999-8d06-4125-9b81-1711dd786397,Helena Silva Silva,2009-7-1,F,2A,Ativo,Branca,3-6 SM
e87c5487-a048-48d1-8ed9-365f99388c5b,35b74999-8d06-4125-9b81-1711dd786397,Julia Carvalho Gomes,2010-6-12,F,2A,Ativo,Parda,Até 3 SM
9e9df27f-a17d-46a1-a2f2-d017a9053cd5,15b74999-8d06-4125-9b81-1711dd786399,Amanda Lima Rodrigues,2010-10-10,F,3A,Evadido,Parda,Acima de 10 SM
fa36fd20-8fa8-451a-bdb3-196de888ff63,35b74999-8d06-4125-9b81-1711dd786397,Bruno Pereira Lima,2008-4-23,M,1B,Evadido,Amarela,6-10 SM
7d3440c5-59e5-40ee-a236-71d86524b6ce,25b74999-8d06-4125-9b81-1711dd786398,Julia Gomes Costa,2008-1-4,F,1B,Inadimplente,Parda,3-6 SM
42ee0c94-f434-4f4b-9730-2ef6b513d399,15b74999-8d06-4125-9b81-1711dd786399,Matheus Alves Ferreira,2008-4-27,M,2A,Ativo,Não declarado,Até 3 SM
9f49ae92-b421-4950-843d-7146f0ecb593,35b74999-8d06-4125-9b81-1711dd786397,Felipe Ferreira Carvalho,2009-3-25,M,1A,Inadimplente,Não declarado,Até 3 SM
02e0c038-e6b9-4fb2-ac13-666e1ff7c58a,15b74999-8d06-4125-9b81-1711dd786399,Bruno Santos Rodrigues,2010-7-5,M,3A,Ativo,Parda,3-6 SM
5f8e4762-354e-4c8d-8f58-fe1d5db3e261,15b74999-8d06-4125-9b81-1711dd786399,João Alves Rodrigues,2009-4-2,M,1B,Inadimplente,Parda,6-10 SM
591d9275-d590-4d28-9f2a-52ab72bec387,35b74999-8d06-4125-9b81-1711dd786397,Gustavo Santos Ferreira,2012-3-11,M,1B,Ativo,Parda,Até 3 SM
be54c291-9b16-4dc7-aa1f-73f813be2b36,25b74999-8d06-4125-9b81-1711dd786398,Larissa Oliveira Lima,2011-7-4,F,3A,Ativo,Preta,Até 3 SM
2e2c2d53-b66f-4b6f-bc1a-d0963c4c9118,25b74999-8d06-4125-9b81-1711dd786398,Larissa Martins Souza,2012-3-22,F,3B,Ativo,Indígena,3-6 SM
7f6ba6ae-c192-4b73-b167-47f3e4c43efc,15b74999-8d06-4125-9b81-1711dd786399,Camila Souza Ribeiro,2012-1-13,F,1B,Ativo,Indígena,Acima de 10 SM
b94215e4-06f3-4716-a04e-0a06d60e4634,25b74999-8d06-4125-9b81-1711dd786398,Mariana Ribeiro Pereira,2008-7-10,F,2A,Ativo,Parda,3-6 SM
92961511-cfa6-43fd-a2ca-cc67446dcfe8,15b74999-8d06-4125-9b81-1711dd786399,Lucas Pereira Gomes,2012-8-4,M,3A,Ativo,Preta,3-6 SM
5a2b929d-fdef-48b4-89b8-4c9a1e29051e,15b74999-8d06-4125-9b81-1711dd786399,Matheus Martins Pereira,2009-4-19,M,3B,Inadimplente,Branca,6-10 SM
a6c8ec9b-ff15-43e5-ad18-36274f74fa06,25b74999-8d06-4125-9b81-1711dd786398,Felipe Gomes Souza,2012-5-2,M,2A,Ativo,Parda,Acima de 10 SM
3b3e501d-84ad-4840-a4f7-19fd6992548a,15b74999-8d06-4125-9b81-1711dd786399,Guilherme Lopes Lima,2010-2-6,M,3A,Evadido,Parda,3-6 SM
4d4fe6c4-ea72-4802-bd2f-a05542234213,35b74999-8d06-4125-9b81-1711dd786397,Larissa Carvalho Santos,2010-4-2,F,2A,Inadimplente,Parda,6-10 SM
dfaeff5a-08c6-4407-be3b-d1876486121f,15b74999-8d06-4125-9b81-1711dd786399,Guilherme Silva Carvalho,2012-12-22,M,3B,Ativo,Parda,Até 3 SM
f8b0fcf2-1a81-43aa-b407-545a1450bf04,15b74999-8d06-4125-9b81-1711dd786399,Julia Silva Pereira,2008-9-25,F,2B,Ativo,Branca,Acima de 10 SM
8e3335b7-40c1-40ed-9e60-bedcf777b53b,25b74999-8d06-4125-9b81-1711dd786398,João Silva Santos,2009-7-11,M,1A,Evadido,Não declarado,Acima de 10 SM
df6176f5-1e28-465f-ad07-9934343b5d09,15b74999-8d06-4125-9b81-1711dd786399,Camila Souza Gomes,2009-12-7,F,1B,Ativo,Não declarado,3-6 SM
5f9a6695-cd26-4aab-b2df-bbf816312241,25b74999-8d06-4125-9b81-1711dd786398,Gabriel Silva Rodrigues,2008-9-1,M,3B,Ativo,Não declarado,3-6 SM
d8031568-8d43-43fe-9f71-ccf8dd91221f,35b74999-8d06-4125-9b81-1711dd786397,Guilherme Oliveira Oliveira,2008-8-6,M,1B,Inadimplente,Não declarado,3-6 SM
f3b313b2-60f2-43f1-b2b6-9bc08c87f210,35b74999-8d06-4125-9b81-1711dd786397,Julia Souza Alves,2008-9-23,F,2A,Ativo,Branca,Até 3 SM
fc1db78d-ae1b-4f83-86f2-684e0fe610cc,25b74999-8d06-4125-9b81-1711dd786398,Matheus Pereira Oliveira,2010-9-11,M,1A,Evadido,Indígena,Acima de 10 SM
00f8ef33-21eb-45a0-86fd-c65ec7b4772c,25b74999-8d06-4125-9b81-1711dd786398,Daniel Lima Costa,2010-8-24,M,2B,Ativo,Branca,6-10 SM
8be47045-f19d-49a4-b281-ddc6253ac7cf,35b74999-8d06-4125-9b81-1711dd786397,Julia Carvalho Alves,2008-8-28,F,3B,Evadido,Preta,3-6 SM
34b080e2-efc5-4a02-8cda-4734870d1e2e,25b74999-8d06-4125-9b81-1711dd786398,João Lima Martins,2012-4-18,M,2A,Ativo,Branca,Até 3 SM
76493df4-21c4-4ce7-908e-9cba2fe7576a,35b74999-8d06-4125-9b81-1711dd786397,Daniel Alves Alves,2010-9-15,M,2A,Evadido,Amarela,Até 3 SM
41dffd5f-0359-4d49-abb1-4ab0b30e52e3,25b74999-8d06-4125-9b81-1711dd786398,Julia Lima Costa,2009-7-11,F,2B,Ativo,Amarela,3-6 SM
a2a71717-a9ff-4d81-bea7-8b4109504977,35b74999-8d06-4125-9b81-1711dd786397,João Lopes Souza,2008-12-18,M,2A,Ativo,Preta,6-10 SM
6aecd915-ef3c-4b93-8690-ca9b80a772a7,35b74999-8d06-4125-9b81-1711dd786397,Daniel Gomes Silva,2012-10-16,M,3A,Ativo,Preta,Acima de 10 SM
8d371788-d93e-4051-a597-52db62d958fb,35b74999-8d06-4125-9b81-1711dd786397,Mariana Ferreira Ferreira,2011-10-25,F,2A,Ativo,Branca,Acima de 10 SM
6ab8c423-6b8e-476d-80aa-6eec279fe086,25b74999-8d06-4125-9b81-1711dd786398,Ana Ribeiro Alves,2008-8-25,F,1B,Ativo,Indígena,Até 3 SM
187154bf-ede3-48e0-9c6e-fd76bd506650,15b74999-8d06-4125-9b81-1711dd786399,Letícia Costa Souza,2009-11-21,F,3A,Ativo,Preta,Acima de 10 SM
b423c8ca-7278-491c-b2be-7ce5689a0911,25b74999-8d06-4125-9b81-1711dd786398,Larissa Silva Martins,2012-11-23,F,2A,Ativo,Preta,Até 3 SM
327e5529-6c67-416c-8b9f-8bce31bb7801,35b74999-8d06-4125-9b81-1711dd786397,Felipe Martins Alves,2011-3-9,M,2B,Ativo,Parda,3-6 SM
46847cde-8ac3-401c-a0c7-d1ca0a4967f6,15b74999-8d06-4125-9b81-1711dd786399,Letícia Martins Martins,2009-10-14,F,2B,Ativo,Preta,6-10 SM
760897c4-91d2-4cf4-9fc5-b897c0c20f40,35b74999-8d06-4125-9b81-1711dd786397,Gabriela Costa Ferreira,2012-9-28,F,3B,Inadimplente,Branca,3-6 SM
f4eb927b-b9c1-4b4b-9b9d-7ba2d2de16b3,25b74999-8d06-4125-9b81-1711dd786398,Rafael Martins Costa,2009-5-13,M,2A,Ativo,Indígena,Acima de 10 SM
4bb3499e-9307-428a-9c76-d2f7992ebec8,35b74999-8d06-4125-9b81-1711dd786397,Gustavo Carvalho Alves,2011-8-13,M,3A,Ativo,Branca,3-6 SM
affecf2f-a1fd-4eda-bd77-f5ae52b92a88,15b74999-8d06-4125-9b81-1711dd786399,Beatriz Santos Pereira,2012-12-3,F,2B,Ativo,Parda,3-6 SM
4679cdc5-da45-4801-b0e5-8bc9f59e3003,25b74999-8d06-4125-9b81-1711dd786398,Vitor Alves Lopes,2012-3-24,M,1A,Inadimplente,Preta,6-10 SM
9ee2f38a-cc9c-440f-aec6-a14ba331d33b,35b74999-8d06-4125-9b81-1711dd786397,Leonardo Costa Pereira,2009-10-19,M,2A,Inadimplente,Parda,6-10 SM
73f532ff-5943-4d80-ab27-53769f3f40a4,15b74999-8d06-4125-9b81-1711dd786399,Matheus Ferreira Rodrigues,2010-10-22,M,2B,Evadido,Não declarado,3-6 SM
86bc134c-3d7c-4a6e-8cce-d7414c6dca9b,25b74999-8d06-4125-9b81-1711dd786398,Matheus Souza Alves,2012-6-24,M,1A,Ativo,Indígena,Até 3 SM
f3052d86-8b60-4463-aab9-66448e103d8d,35b74999-8d06-4125-9b81-1711dd786397,Felipe Pereira Pereira,2012-3-9,M,1A,Ativo,Parda,6-10 SM
626fc526-8147-4acc-b3f5-cb9932a5d7b9,35b74999-8d06-4125-9b81-1711dd786397,Matheus Martins Costa,2010-2-20,M,3B,Ativo,Não declarado,Até 3 SM
5c86b07d-3b8b-4285-bb87-7340afebade0,25b74999-8d06-4125-9b81-1711dd786398,Ana Souza Alves,2012-3-23,F,1B,Ativo,Não declarado,6-10 SM
ca513817-3723-418a-89f7-7792b31c9a75,25b74999-8d06-4125-9b81-1711dd786398,Felipe Rodrigues Silva,2010-8-10,M,2B,Ativo,Branca,3-6 SM
bea4e8d5-05a9-4166-89e3-cb1ff1c566d1,25b74999-8d06-4125-9b81-1711dd786398,Matheus Ribeiro Ferreira,2010-9-1,M,3A,Ativo,Branca,3-6 SM
a1ee94fa-ddfc-4252-8d2a-e0624eeca9d8,35b74999-8d06-4125-9b81-1711dd786397,Luana Gomes Santos,2008-11-20,F,3A,Inadimplente,Indígena,6-10 SM
c8c43286-dda4-4702-9f38-c58e6ae9044c,15b74999-8d06-4125-9b81-1711dd786399,Guilherme Ferreira Martins,2012-7-28,M,2A,Inadimplente,Não declarado,Acima de 10 SM
8bcc3851-6efd-4ca6-a931-ce173e1550bb,35b74999-8d06-4125-9b81-1711dd786397,Camila Souza Carvalho,2009-6-6,F,1A,Ativo,Branca,Até 3 SM
41a17be9-c067-4807-9b67-e7b268981621,35b74999-8d06-4125-9b81-1711dd786397,Beatriz Almeida Ferreira,2011-8-25,F,3A,Ativo,Indígena,3-6 SM
96836808-987e-41f0-a294-4b4fc61bdea8,25b74999-8d06-4125-9b81-1711dd786398,Isabela Lopes Carvalho,2009-9-17,F,3B,Ativo,Não declarado,Até 3 SM
6fcc845b-1f3c-4c01-99dd-03c749155205,15b74999-8d06-4125-9b81-1711dd786399,Gabriela Ferreira Carvalho,2009-12-12,F,3B,Ativo,Parda,3-6 SM
ea0e6385-29ee-4cc5-ae1d-e5c1a5625241,35b74999-8d06-4125-9b81-1711dd786397,Felipe Lopes Martins,2008-4-21,M,2B,Evadido,Parda,3-6 SM
20a98162-01b9-4c0d-ab6e-750b35a4cb2b,15b74999-8d06-4125-9b81-1711dd786399,Pedro Costa Souza,2009-5-25,M,1A,Ativo,Preta,6-10 SM
71807d59-8df6-4857-b4c8-009bd314ffef,25b74999-8d06-4125-9b81-1711dd786398,Sophia Pereira Lima,2011-8-18,F,3B,Ativo,Preta,Até 3 SM
e5b3a8bf-5c3d-4637-b86f-7c6dd9400f84,35b74999-8d06-4125-9b81-1711dd786397,Pedro Alves Lima,2008-10-24,M,3B,Inadimplente,Indígena,Acima de 10 SM
6442e180-722a-40dc-a506-207a784f22d2,15b74999-8d06-4125-9b81-1711dd786399,Vitor Santos Silva,2008-5-28,M,2A,Ativo,Parda,3-6 SM
8a1a8e51-51f9-417a-8c73-be584ae3a190,35b74999-8d06-4125-9b81-1711dd786397,Pedro Rodrigues Almeida,2010-6-23,M,2B,Inadimplente,Não declarado,Até 3 SM
6358fcbc-275b-4f47-b311-1a797b035370,25b74999-8d06-4125-9b81-1711dd786398,Matheus Martins Oliveira,2008-2-16,M,3B,Evadido,Não declarado,3-6 SM
5a98e49c-54f4-4a30-b468-7964d5aed00c,15b74999-8d06-4125-9b81-1711dd786399,Guilherme Costa Pereira,2009-3-4,M,2A,Ativo,Indígena,3-6 SM
91782910-f706-4a71-b1f3-80189dc334db,25b74999-8d06-4125-9b81-1711dd786398,Gustavo Gomes Oliveira,2008-3-19,M,1B,Ativo,Preta,3-6 SM
25869256-e7d1-45ec-84b5-87bea549f507,35b74999-8d06-4125-9b81-1711dd786397,Thiago Costa Costa,2010-8-3,M,1B,Ativo,Branca,Até 3 SM
f98ec44f-050c-433d-a278-48ddf4136656,15b74999-8d06-4125-9b81-1711dd786399,Camila Pereira Lopes,2009-1-17,F,3A,Ativo,Não declarado,Até 3 SM
b15fafa9-723a-4c57-a59b-aafc173eab03,25b74999-8d06-4125-9b81-1711dd786398,Vitor Gomes Costa,2010-7-22,M,1A,Ativo,Preta,Até 3 SM
928db8db-0367-41d0-998e-4f5ba4e096f7,15b74999-8d06-4125-9b81-1711dd786399,Bruno Gomes Almeida,2010-3-20,M,3A,Ativo,Não declarado,6-10 SM
45e2ef08-ca57-46fb-9fc0-633393d9226c,15b74999-8d06-4125-9b81-1711dd786399,Beatriz Lima Silva,2009-6-22,F,2A,Ativo,Preta,Até 3 SM
bd3cd035-795d-4237-933c-c26cea78fb44,15b74999-8d06-4125-9b81-1711dd786399,Sophia Ferreira Santos,2008-9-21,F,3A,Ativo,Parda,Até 3 SM
39f98591-0f9b-4de9-af61-806ee9d64208,25b74999-8d06-4125-9b81-1711dd786398,Maria Almeida Oliveira,2009-7-11,F,2A,Ativo,Parda,3-6 SM
9fa46aa2-6c55-4ed0-b984-377cb69cf8fc,25b74999-8d06-4125-9b81-1711dd786398,Julia Oliveira Silva,2008-4-20,F,1B,Ativo,Amarela,6-10 SM
0104f45b-517b-49a8-afaf-f97783240bae,15b74999-8d06-4125-9b81-1711dd786399,João Ribeiro Ribeiro,2009-7-3,M,1A,Ativo,Não declarado,3-6 SM
c6b6e9fb-4fca-4c82-b802-e49fb238e90a,15b74999-8d06-4125-9b81-1711dd786399,Gabriela Gomes Lima,2011-1-17,F,1A,Ativo,Preta,Até 3 SM
ed8e9425-1b3e-4ea6-b610-949281261bd1,25b74999-8d06-4125-9b81-1711dd786398,Beatriz Costa Lima,2009-3-20,F,2B,Ativo,Parda,3-6 SM
f0741b93-3c01-4986-8491-25c26621faee,25b74999-8d06-4125-9b81-1711dd786398,Valentina Souza Ribeiro,2011-12-28,F,3A,Inadimplente,Indígena,3-6 SM
fd526d77-7482-41f0-acce-ef2e83d4a7fe,35b74999-8d06-4125-9b81-1711dd786397,Valentina Pereira Ribeiro,2009-3-10,F,1B,Ativo,Amarela,3-6 SM
7614d2e2-efbc-4e8c-9995-6d1f47d4f94f,25b74999-8d06-4125-9b81-1711dd786398,Matheus Rodrigues Lopes,2011-4-24,M,3A,Ativo,Branca,6-10 SM
fd668867-d37e-4151-acd1-17ab869b8d35,25b74999-8d06-4125-9b81-1711dd786398,Vitor Gomes Gomes,2012-3-13,M,3B,Inadimplente,Indígena,3-6 SM
68196b2e-af29-4d66-832d-08a736a48066,25b74999-8d06-4125-9b81-1711dd786398,João Lima Ferreira,2008-11-7,M,3B,Inadimplente,Amarela,6-10 SM
7c5b3eb0-f118-4d65-ba54-8233150c7b38,25b74999-8d06-4125-9b81-1711dd786398,Helena Lima Almeida,2008-7-19,F,1A,Ativo,Amarela,Até 3 SM
26b0a8e5-6a37-4e26-b759-06f9c03fbb5f,15b74999-8d06-4125-9b81-1711dd786399,Mariana Lopes Souza,2009-11-3,F,2A,Ativo,Não declarado,Até 3 SM
e3598b81-4638-48eb-b34f-ea1ea215624b,15b74999-8d06-4125-9b81-1711dd786399,Gabriela Rodrigues Lopes,2009-9-8,F,3B,Ativo,Não declarado,3-6 SM
59e49a4d-c83e-41bd-bad8-5d1202b7b31e,35b74999-8d06-4125-9b81-1711dd786397,Letícia Lima Carvalho,2011-7-21,F,2B,Ativo,Branca,3-6 SM
4511c0c9-22f9-4972-aafa-efd07d387cb6,15b74999-8d06-4125-9b81-1711dd786399,Sophia Oliveira Ferreira,2012-2-5,F,2B,Ativo,Amarela,Até 3 SM
b6c05e42-b9b8-43d5-a738-b9eaee88a4b8,25b74999-8d06-4125-9b81-1711dd786398,Ana Rodrigues Souza,2010-4-22,F,1B,Ativo,Não declarado,Até 3 SM
a3c405b3-fc4b-4211-93a1-e6d8d40a93ef,15b74999-8d06-4125-9b81-1711dd786399,Daniel Carvalho Santos,2012-1-6,M,3B,Ativo,Indígena,6-10 SM
870a71f7-1f82-4ae2-8c54-7e96e50982fa,15b74999-8d06-4125-9b81-1711dd786399,Mariana Silva Rodrigues,2010-12-12,F,1A,Ativo,Parda,3-6 SM
637f7038-4dae-4d28-a7d2-29391f5c9e08,15b74999-8d06-4125-9b81-1711dd786399,Daniel Gomes Pereira,2008-1-2,M,1A,Ativo,Branca,6-10 SM
8c96de64-318f-47ea-adcc-1ae1f5e2360f,35b74999-8d06-4125-9b81-1711dd786397,Pedro Rodrigues Gomes,2009-11-12,M,3A,Inadimplente,Parda,3-6 SM
2c2954af-1763-400e-942d-eda3ff06bc48,35b74999-8d06-4125-9b81-1711dd786397,Bruno Silva Silva,2009-1-6,M,3B,Ativo,Amarela,Acima de 10 SM
22afda24-772b-4c6e-9bba-167718d532d0,15b74999-8d06-4125-9b81-1711dd786399,Leonardo Ferreira Almeida,2009-3-5,M,2A,Ativo,Não declarado,Acima de 10 SM
37fdab51-9a1e-4d58-9988-34fadc6e0e8d,15b74999-8d06-4125-9b81-1711dd786399,Felipe Costa Lima,2008-5-20,M,3A,Ativo,Branca,Acima de 10 SM
8e2612f5-e6be-4aee-bbcc-4af0373360f0,25b74999-8d06-4125-9b81-1711dd786398,Daniel Silva Almeida,2010-12-26,M,1B,Ativo,Preta,6-10 SM
e170775d-c0fd-4fd9-91e0-9e71261c8f06,25b74999-8d06-4125-9b81-1711dd786398,Mariana Almeida Gomes,2008-10-2,F,2A,Ativo,Parda,3-6 SM
f024540d-cb7c-4132-99f8-19466b3d668d,35b74999-8d06-4125-9b81-1711dd786397,Lucas Rodrigues Pereira,2011-7-18,M,2B,Ativo,Parda,3-6 SM
2faccf1a-703f-4462-8846-c3e1ab57f920,15b74999-8d06-4125-9b81-1711dd786399,João Lima Santos,2012-1-26,M,1B,Ativo,Indígena,3-6 SM
a40e8e8c-8046-473c-9521-1fd7ac4b3f97,35b74999-8d06-4125-9b81-1711dd786397,Guilherme Martins Martins,2012-5-23,M,3B,Evadido,Preta,Acima de 10 SM
5485c582-c758-494a-a40f-6e8aaf55d360,35b74999-8d06-4125-9b81-1711dd786397,Luana Ribeiro Carvalho,2010-2-6,F,2B,Ativo,Preta,Até 3 SM
10139836-38f4-4ce1-8520-24ccd5a8b895,25b74999-8d06-4125-9b81-1711dd786398,Guilherme Santos Oliveira,2011-5-11,M,2A,Ativo,Indígena,3-6 SM
e7636f54-b175-4fb5-998d-93fb146cd1fd,15b74999-8d06-4125-9b81-1711dd786399,Luana Santos Lima,2009-8-20,F,2B,Inadimplente,Preta,3-6 SM
cf46abce-2f02-4007-a418-acfabd514ffd,25b74999-8d06-4125-9b81-1711dd786398,Sophia Almeida Almeida,2011-11-1,F,1A,Ativo,Branca,Acima de 10 SM
f5c74e20-05cf-43df-acb9-6d7b7479ab80,15b74999-8d06-4125-9b81-1711dd786399,Beatriz Almeida Ribeiro,2008-8-18,F,1A,Inadimplente,Branca,Até 3 SM
c8fbe8c3-8c52-4dde-bce8-7304a736d248,15b74999-8d06-4125-9b81-1711dd786399,Daniel Gomes Almeida,2011-4-5,M,1B,Ativo,Parda,Até 3 SM
32034048-9734-4fde-9429-6a9dcdaec436,15b74999-8d06-4125-9b81-1711dd786399,Thiago Alves Santos,2008-1-8,M,3B,Ativo,Parda,Acima de 10 SM
2a4649c9-d645-45a7-aafe-c7cebf13a1d7,15b74999-8d06-4125-9b81-1711dd786399,Rodrigo Ribeiro Lopes,2012-2-21,M,1A,Ativo,Amarela,Acima de 10 SM
4d95ddec-d8ab-49d7-bc12-5be68e3d3348,35b74999-8d06-4125-9b81-1711dd786397,Sophia Santos Almeida,2011-4-19,F,3A,Ativo,Não declarado,Acima de 10 SM
ee5b3ffc-7a45-4f27-95ec-81ca37065209,15b74999-8d06-4125-9b81-1711dd786399,Maria Oliveira Rodrigues,2009-12-4,F,2B,Inadimplente,Parda,Acima de 10 SM
5f4576c9-c0a5-4c1b-81f0-9afc667721e2,35b74999-8d06-4125-9b81-1711dd786397,Thiago Silva Alves,2012-11-19,M,1A,Ativo,Branca,3-6 SM
5702f5a8-ccd1-470a-91c0-af626354123f,25b74999-8d06-4125-9b81-1711dd786398,Valentina Souza Oliveira,2011-3-18,F,1A,Ativo,Parda,Até 3 SM
0d655d95-af4a-4287-82f5-3ba25e585355,35b74999-8d06-4125-9b81-1711dd786397,Bruno Souza Ribeiro,2012-4-12,M,2A,Ativo,Branca,Até 3 SM
820392e1-c895-4fbf-a9bb-868ed3b57f67,15b74999-8d06-4125-9b81-1711dd786399,Felipe Carvalho Souza,2009-12-10,M,1A,Ativo,Indígena,6-10 SM
eda0472e-e905-4f07-875c-7b176c8e5f39,25b74999-8d06-4125-9b81-1711dd786398,Gabriel Oliveira Souza,2011-7-4,M,1A,Ativo,Parda,3-6 SM
31775f64-541a-481f-8fc8-3de535579471,25b74999-8d06-4125-9b81-1711dd786398,Camila Oliveira Ribeiro,2008-7-10,F,2B,Ativo,Indígena,3-6 SM
9650c217-299d-4334-8494-149086ad8d1c,25b74999-8d06-4125-9b81-1711dd786398,Isabela Pereira Lima,2012-9-22,F,3A,Evadido,Preta,3-6 SM
712989b0-0be8-4a51-9ef5-e073a6334c8b,25b74999-8d06-4125-9b81-1711dd786398,Rodrigo Carvalho Lopes,2012-8-22,M,1A,Ativo,Parda,3-6 SM
61b09f60-a51f-45e4-98b7-a9ebf32d2502,15b74999-8d06-4125-9b81-1711dd786399,Letícia Oliveira Gomes,2008-11-18,F,3A,Ativo,Branca,Até 3 SM
fdbf30b4-3221-480e-b1ac-ecefe8497165,25b74999-8d06-4125-9b81-1711dd786398,Lucas Pereira Pereira,2012-4-7,M,3A,Ativo,Não declarado,Até 3 SM
ac9dcd76-3d47-4813-9944-d63d2e3ad1ad,15b74999-8d06-4125-9b81-1711dd786399,Isabela Lopes Martins,2011-10-25,F,3A,Ativo,Branca,6-10 SM
b8441296-a98a-48c1-be1a-ee0c41205d66,15b74999-8d06-4125-9b81-1711dd786399,Beatriz Ribeiro Alves,2010-6-16,F,1B,Evadido,Parda,3-6 SM
e2daf0bf-e5df-430e-9315-edc02c47f3dd,15b74999-8d06-4125-9b81-1711dd786399,Valentina Carvalho Martins,2010-11-6,F,2B,Evadido,Indígena,Acima de 10 SM
16843a42-88ab-4ee3-98f1-1d61bd1c9a52,25b74999-8d06-4125-9b81-1711dd786398,Leonardo Ribeiro Lima,2008-11-5,M,1B,Ativo,Indígena,Até 3 SM
d1b9e6ec-f921-48d6-be03-5c1cf09fec89,15b74999-8d06-4125-9b81-1711dd786399,Guilherme Gomes Alves,2010-6-3,M,1B,Ativo,Não declarado,6-10 SM
abdab2cd-734e-46d4-9e0e-93354093faf8,15b74999-8d06-4125-9b81-1711dd786399,Beatriz Gomes Almeida,2012-12-13,F,1B,Evadido,Amarela,3-6 SM
e52f240c-974c-40d0-a791-241ba9480e4c,25b74999-8d06-4125-9b81-1711dd786398,Rodrigo Pereira Martins,2009-10-9,M,2A,Ativo,Não declarado,Até 3 SM
3da9d0f2-b218-4d04-9157-1162fa410d6d,35b74999-8d06-4125-9b81-1711dd786397,Vitor Santos Ribeiro,2008-1-6,M,3B,Inadimplente,Parda,6-10 SM
1e3b6e4c-1bc8-444e-9ec4-d93717139bde,35b74999-8d06-4125-9b81-1711dd786397,Maria Almeida Almeida,2009-9-5,F,1A,Ativo,Indígena,Acima de 10 SM
3eb44cc3-fb6a-452c-9222-6ce38f54d86d,25b74999-8d06-4125-9b81-1711dd786398,Julia Santos Almeida,2008-6-10,F,2B,Ativo,Parda,3-6 SM
553ee709-1243-41c5-bb63-015a100e0a91,35b74999-8d06-4125-9b81-1711dd786397,João Santos Rodrigues,2008-4-10,M,3B,Ativo,Parda,Acima de 10 SM
f9c53cc3-3054-456b-88a4-752749d5111b,35b74999-8d06-4125-9b81-1711dd786397,Gabriela Pereira Oliveira,2010-10-9,F,2B,Ativo,Preta,Até 3 SM
cea095b6-5c71-43d0-ac64-85275d09ebe6,35b74999-8d06-4125-9b81-1711dd786397,Maria Santos Oliveira,2010-1-24,F,1B,Ativo,Branca,3-6 SM
4781fbfe-a740-421f-a0ca-5ecddd6e81f4,35b74999-8d06-4125-9b81-1711dd786397,Ana Silva Rodrigues,2011-10-6,F,3A,Inadimplente,Indígena,Até 3 SM
c44aeddf-689c-460a-8718-a654f65f33f1,25b74999-8d06-4125-9b81-1711dd786398,Thiago Ribeiro Lima,2009-2-24,M,2B,Ativo,Branca,Até 3 SM
d0184ac6-94f8-4e99-81d3-c9293b5279d7,15b74999-8d06-4125-9b81-1711dd786399,Letícia Silva Carvalho,2012-5-14,F,2A,Ativo,Amarela,Até 3 SM
e62f977b-7df6-4a56-9a1f-690884f473a8,25b74999-8d06-4125-9b81-1711dd786398,Thiago Carvalho Souza,2011-5-16,M,2B,Ativo,Branca,3-6 SM
a89ed54b-2bef-465d-b253-0f78b7b316cf,35b74999-8d06-4125-9b81-1711dd786397,Ana Ferreira Alves,2011-1-22,F,3B,Evadido,Amarela,Até 3 SM
c2866732-0939-47a8-8757-90b74296ad8c,15b74999-8d06-4125-9b81-1711dd786399,Rodrigo Ribeiro Martins,2011-8-8,M,1A,Ativo,Branca,Até 3 SM
0a007eb4-4a44-4669-84cb-39dd5c0f1e91,15b74999-8d06-4125-9b81-1711dd786399,Sophia Alves Alves,2012-9-6,F,1B,Ativo,Preta,6-10 SM
6c4dbc73-39e6-407a-8264-3f65d985bf96,15b74999-8d06-4125-9b81-1711dd786399,Matheus Gomes Rodrigues,2011-2-28,M,3B,Evadido,Branca,3-6 SM
196f20b9-303c-4075-a67c-022a5778df5b,35b74999-8d06-4125-9b81-1711dd786397,Vitor Rodrigues Almeida,2009-8-19,M,2B,Evadido,Parda,Acima de 10 SM
5b59c4f7-c718-4550-8999-c2b146c3d1c5,15b74999-8d06-4125-9b81-1711dd786399,Helena Oliveira Costa,2011-11-20,F,3A,Ativo,Amarela,Acima de 10 SM
6841cd12-0f1c-41c9-91ce-d6c8e25a6212,15b74999-8d06-4125-9b81-1711dd786399,Thiago Alves Oliveira,2010-8-24,M,3A,Inadimplente,Preta,Até 3 SM
89b8c526-83b0-4e94-96d4-a8bf008218e1,15b74999-8d06-4125-9b81-1711dd786399,Luana Gomes Lopes,2010-3-18,F,1B,Evadido,Indígena,6-10 SM
95e3c40e-abb3-438b-aa0e-baf45740ec02,15b74999-8d06-4125-9b81-1711dd786399,Thiago Lima Lima,2009-10-16,M,2B,Ativo,Indígena,Acima de 10 SM
59e4e015-dbdb-4d79-8d0b-42430bacaefb,35b74999-8d06-4125-9b81-1711dd786397,Gustavo Lopes Santos,2011-10-25,M,3A,Ativo,Indígena,6-10 SM
6d09031b-2a25-4479-a78a-1bea450d4c65,15b74999-8d06-4125-9b81-1711dd786399,Letícia Oliveira Martins,2010-2-11,F,3B,Ativo,Indígena,3-6 SM
8be5be71-167d-4871-a2f9-2cfc64c36d6a,25b74999-8d06-4125-9b81-1711dd786398,Daniel Costa Almeida,2012-5-25,M,1B,Ativo,Não declarado,Acima de 10 SM
0f0c5a26-e118-4aa8-bc6e-04d947a273ff,35b74999-8d06-4125-9b81-1711dd786397,Thiago Ferreira Carvalho,2010-4-9,M,1A,Ativo,Branca,Acima de 10 SM
26aff4b5-b3bf-48f1-b11c-784b4075bb0e,25b74999-8d06-4125-9b81-1711dd786398,Bruno Almeida Rodrigues,2010-7-6,M,2A,Inadimplente,Indígena,6-10 SM
9cac512d-a868-4363-8b01-fede916af35c,35b74999-8d06-4125-9b81-1711dd786397,Maria Gomes Ferreira,2012-4-13,F,3A,Ativo,Preta,3-6 SM
6187ce68-773c-4926-9a4e-4539a9cccf0a,15b74999-8d06-4125-9b81-1711dd786399,Gabriel Oliveira Ribeiro,2009-3-11,M,2A,Evadido,Branca,Acima de 10 SM
e3221856-63b2-4b76-88e0-347c0d7a05dc,25b74999-8d06-4125-9b81-1711dd786398,Gabriel Carvalho Souza,2008-11-2,M,3A,Ativo,Preta,3-6 SM
e1f5861c-db9e-4b35-a4ad-149b973b275a,25b74999-8d06-4125-9b81-1711dd786398,Helena Almeida Gomes,2011-10-7,F,2A,Ativo,Branca,6-10 SM
9fc3f28c-a649-41bc-ad62-6caf116ff297,15b74999-8d06-4125-9b81-1711dd786399,Julia Lopes Santos,2012-10-11,F,2A,Ativo,Amarela,3-6 SM
4ce17279-e5c0-4469-91da-8355068e0aa1,35b74999-8d06-4125-9b81-1711dd786397,Guilherme Martins Oliveira,2011-11-1,M,2B,Inadimplente,Parda,3-6 SM
7219b67f-b2f3-40d4-980a-67b9516eef4d,35b74999-8d06-4125-9b81-1711dd786397,Larissa Costa Almeida,2010-6-7,F,2A,Evadido,Parda,3-6 SM
c66f14d8-0add-48f8-9df9-c0197f4385d7,15b74999-8d06-4125-9b81-1711dd786399,Camila Alves Carvalho,2009-3-18,F,2B,Evadido,Amarela,6-10 SM
87102699-a6f1-44d0-80d8-6c2df2cfe7dc,25b74999-8d06-4125-9b81-1711dd786398,Lucas Pereira Rodrigues,2009-12-2,M,2B,Ativo,Indígena,Até 3 SM
df20a016-f59e-49de-93e9-16ef62aa04e2,25b74999-8d06-4125-9b81-1711dd786398,Ana Pereira Lopes,2009-4-7,F,3A,Ativo,Amarela,6-10 SM
4fe3d2b2-cdb8-462a-8f0a-7d8f2fc96c14,35b74999-8d06-4125-9b81-1711dd786397,Helena Alves Gomes,2010-6-27,F,2A,Ativo,Parda,3-6 SM
7cea5f68-c89e-42b6-b6e1-00fc7a97fd99,25b74999-8d06-4125-9b81-1711dd786398,Gustavo Carvalho Santos,2011-3-8,M,3B,Evadido,Amarela,6-10 SM
5be09cd9-52e9-45a8-9dcd-04d93924fefd,15b74999-8d06-4125-9b81-1711dd786399,Larissa Costa Martins,2009-5-25,F,1B,Ativo,Parda,3-6 SM
47721f65-dacc-4852-8998-d58889fdcd7f,25b74999-8d06-4125-9b81-1711dd786398,Mariana Almeida Souza,2012-4-8,F,2A,Ativo,Indígena,Até 3 SM
9f9f67df-b303-4577-a9a8-935a87ca0c1a,25b74999-8d06-4125-9b81-1711dd786398,Julia Martins Oliveira,2010-6-28,F,2A,Evadido,Parda,Até 3 SM
ea491821-5ac2-49f2-84d0-d7998e059e87,25b74999-8d06-4125-9b81-1711dd786398,Vitor Lima Ribeiro,2010-5-22,M,2A,Ativo,Preta,Até 3 SM
8207af83-3785-491b-b9d8-610e9100da25,15b74999-8d06-4125-9b81-1711dd786399,Isabela Pereira Almeida,2010-8-9,F,2A,Evadido,Não declarado,Até 3 SM
a3bcdc84-7be2-4162-abb6-65d1ba81e38b,25b74999-8d06-4125-9b81-1711dd786398,Larissa Lopes Ribeiro,2010-9-16,F,3A,Ativo,Branca,Até 3 SM
823251bb-6045-4368-a63d-97c850b44cc7,15b74999-8d06-4125-9b81-1711dd786399,Helena Souza Ferreira,2008-7-17,F,1B,Evadido,Branca,6-10 SM
86f46fb5-c874-429f-9e50-b79c721d7961,35b74999-8d06-4125-9b81-1711dd786397,Gabriela Costa Gomes,2008-1-1,F,2A,Ativo,Indígena,Acima de 10 SM
da43a4ee-cb91-4f92-b9fb-15a6ffb519ae,35b74999-8d06-4125-9b81-1711dd786397,Sophia Almeida Lopes,2009-7-2,F,2A,Ativo,Preta,Até 3 SM
664f8bb3-e066-4979-94da-117f4bf84232,15b74999-8d06-4125-9b81-1711dd786399,Gabriela Silva Almeida,2012-9-2,F,2B,Ativo,Branca,3-6 SM
aa5889fb-9b63-40bf-b13f-5c14e285b732,35b74999-8d06-4125-9b81-1711dd786397,Gustavo Ribeiro Silva,2010-7-25,M,1B,Ativo,Branca,3-6 SM
db81c86e-c002-4b5c-b5f8-83955b053ecf,15b74999-8d06-4125-9b81-1711dd786399,Mariana Rodrigues Oliveira,2009-6-17,F,1B,Evadido,Branca,3-6 SM
8a28a067-bc25-4882-931e-7d8a2ec7d5f3,25b74999-8d06-4125-9b81-1711dd786398,Lucas Lopes Alves,2010-2-26,M,2A,Ativo,Branca,Acima de 10 SM
70a6a3a5-9235-4dd0-8e98-c9c4ecd89be2,15b74999-8d06-4125-9b81-1711dd786399,Maria Martins Ferreira,2008-12-9,F,3B,Ativo,Não declarado,6-10 SM
ac8f1794-902b-40af-b3a8-fddac8456697,25b74999-8d06-4125-9b81-1711dd786398,Matheus Ferreira Martins,2012-3-14,M,1A,Ativo,Indígena,Até 3 SM
153ea23d-b01d-4103-9df6-2a11a0e68d44,35b74999-8d06-4125-9b81-1711dd786397,Letícia Silva Lima,2009-2-3,F,2A,Evadido,Parda,3-6 SM
cb804588-048a-47b6-b9c3-d945f70887a1,25b74999-8d06-4125-9b81-1711dd786398,Isabela Gomes Rodrigues,2011-1-20,F,1A,Ativo,Indígena,3-6 SM
ce7f3796-4c65-4091-a418-3897e34da2f4,25b74999-8d06-4125-9b81-1711dd786398,Sophia Gomes Carvalho,2012-5-21,F,3B,Ativo,Parda,3-6 SM
61a41118-84e6-4418-8f0c-61d3f2e3bbe7,15b74999-8d06-4125-9b81-1711dd786399,Sophia Rodrigues Santos,2010-3-22,F,3A,Ativo,Parda,6-10 SM
65834c2d-ca68-4fd5-8edd-8093a1fd416a,35b74999-8d06-4125-9b81-1711dd786397,Amanda Souza Santos,2010-8-1,F,2B,Ativo,Amarela,6-10 SM
918ea2c1-db0a-4a75-8902-91480cf79a78,35b74999-8d06-4125-9b81-1711dd786397,Julia Ferreira Carvalho,2012-10-19,F,2B,Inadimplente,Branca,3-6 SM
89b08cae-a46d-4e7e-9bfe-fa3a4eeef7c2,25b74999-8d06-4125-9b81-1711dd786398,Rodrigo Lima Souza,2010-2-26,M,1B,Ativo,Indígena,Até 3 SM
51df7b27-ee12-49a2-bf99-816d15a76488,25b74999-8d06-4125-9b81-1711dd786398,Valentina Martins Lima,2011-2-22,F,3A,Ativo,Branca,3-6 SM
497dabb9-8d6b-4ee7-adc8-c9ae57af2b5a,15b74999-8d06-4125-9b81-1711dd786399,Luana Ribeiro Rodrigues,2010-2-25,F,3B,Ativo,Indígena,3-6 SM
b198d466-6376-45ad-a9ca-36d1bbc90f35,15b74999-8d06-4125-9b81-1711dd786399,Daniel Ferreira Costa,2011-3-19,M,2A,Ativo,Parda,Até 3 SM
a48a85d8-e58f-434a-be4f-7963bbb5f6e2,35b74999-8d06-4125-9b81-1711dd786397,Bruno Costa Oliveira,2012-1-5,M,1B,Ativo,Branca,3-6 SM
3ef5a89a-4ffe-4b19-9349-a152453c7b16,25b74999-8d06-4125-9b81-1711dd786398,Gabriela Gomes Ferreira,2008-6-2,F,2A,Ativo,Não declarado,3-6 SM
85818cf7-9c2d-4c53-97c8-382c6e3b2438,35b74999-8d06-4125-9b81-1711dd786397,Helena Lima Oliveira,2012-7-24,F,3B,Ativo,Branca,Até 3 SM
a13cdfc7-22bd-4e8c-9aae-a15b330d8627,25b74999-8d06-4125-9b81-1711dd786398,Julia Pereira Lima,2011-2-21,F,2B,Evadido,Não declarado,6-10 SM
d0812c74-c563-4bd6-bb83-e7370b5e3f6b,15b74999-8d06-4125-9b81-1711dd786399,Guilherme Ribeiro Martins,2010-11-23,M,2B,Inadimplente,Parda,3-6 SM
b2cca24c-7b79-431c-8cbd-26868ae5d9d6,25b74999-8d06-4125-9b81-1711dd786398,Leonardo Martins Oliveira,2009-4-3,M,2A,Ativo,Não declarado,6-10 SM
3a90aceb-5f89-4bea-b658-5a5512d7bf5a,15b74999-8d06-4125-9b81-1711dd786399,Maria Lopes Ferreira,2008-4-16,F,2B,Inadimplente,Branca,3-6 SM
a8c5bf52-ccef-4f32-b303-e696433f34bd,35b74999-8d06-4125-9b81-1711dd786397,Larissa Silva Costa,2008-7-6,F,1B,Inadimplente,Parda,Até 3 SM
51d0f0f8-d509-41ab-bba3-d834910f1377,15b74999-8d06-4125-9b81-1711dd786399,Felipe Gomes Ribeiro,2012-8-19,M,3B,Ativo,Não declarado,3-6 SM
dbe8b1ed-011f-4361-8a98-ca4ff4cbf535,15b74999-8d06-4125-9b81-1711dd786399,Pedro Rodrigues Gomes,2011-12-7,M,1B,Inadimplente,Indígena,3-6 SM
fa38cfcb-5ad1-473c-9270-12e0aad9272f,25b74999-8d06-4125-9b81-1711dd786398,Luana Ribeiro Almeida,2009-4-13,F,3A,Inadimplente,Não declarado,Até 3 SM
3e53298b-5d26-4568-9bad-a5c8009f0a33,25b74999-8d06-4125-9b81-1711dd786398,Sophia Lima Souza,2010-2-8,F,1B,Inadimplente,Amarela,6-10 SM
e136ccda-a836-4a41-91ca-db7082d7d28f,25b74999-8d06-4125-9b81-1711dd786398,Luana Lima Pereira,2008-5-24,F,2B,Evadido,Indígena,3-6 SM
ac80541e-fdb3-4920-97c9-03a043340ddf,35b74999-8d06-4125-9b81-1711dd786397,Isabela Costa Costa,2008-9-16,F,1A,Ativo,Parda,6-10 SM
76862f62-c69c-4234-a66c-bcfd143b1722,25b74999-8d06-4125-9b81-1711dd786398,Helena Lima Souza,2008-8-24,F,1B,Ativo,Indígena,Até 3 SM
bd5b5245-bbb8-4064-acfd-5faa078ae62f,35b74999-8d06-4125-9b81-1711dd786397,Larissa Silva Oliveira,2012-3-1,F,2B,Ativo,Indígena,3-6 SM
ff2ecdb6-4b5b-4f81-8475-fef93fa9357c,35b74999-8d06-4125-9b81-1711dd786397,Gabriel Almeida Rodrigues,2011-10-18,M,3A,Ativo,Parda,3-6 SM
a09eaaa0-1a81-46fc-9b2c-53ecde002c78,25b74999-8d06-4125-9b81-1711dd786398,Matheus Almeida Carvalho,2009-12-3,M,2A,Ativo,Branca,6-10 SM
2299b7a4-4df6-4cc1-b05d-c4f0a3bb1736,15b74999-8d06-4125-9b81-1711dd786399,Felipe Ferreira Lopes,2010-9-27,M,1A,Evadido,Não declarado,3-6 SM
4331c1c1-b6e5-42e0-bf33-6c2d2798a8ec,25b74999-8d06-4125-9b81-1711dd786398,Lucas Carvalho Pereira,2011-12-12,M,1A,Inadimplente,Preta,3-6 SM
fc342f07-beb2-469c-bac8-ccd698a1438e,35b74999-8d06-4125-9b81-1711dd786397,Camila Carvalho Rodrigues,2011-4-9,F,2B,Ativo,Parda,Até 3 SM
3701647d-2eb2-45da-a0cb-c0c3efdf3338,15b74999-8d06-4125-9b81-1711dd786399,Rodrigo Lopes Santos,2012-5-1,M,1A,Ativo,Preta,6-10 SM
828874c4-0e80-470b-b7be-820a51618442,25b74999-8d06-4125-9b81-1711dd786398,Luana Silva Gomes,2010-1-5,F,3A,Ativo,Não declarado,3-6 SM
b42626bb-1002-4ba6-9e2c-ab691a91ddc8,15b74999-8d06-4125-9b81-1711dd786399,Helena Ribeiro Santos,2011-8-27,F,1A,Ativo,Indígena,3-6 SM
eae9c792-1052-4662-8ffe-394d3c856315,15b74999-8d06-4125-9b81-1711dd786399,Gabriela Costa Gomes,2008-2-27,F,3B,Evadido,Amarela,Até 3 SM
918d240e-012a-4863-96ac-268e439c8b56,25b74999-8d06-4125-9b81-1711dd786398,Guilherme Almeida Lopes,2009-11-20,M,3B,Ativo,Branca,3-6 SM
bf1d0c78-b8b9-4c59-8170-991976bc56a4,35b74999-8d06-4125-9b81-1711dd786397,Rodrigo Lima Almeida,2011-4-8,M,2A,Evadido,Não declarado,6-10 SM
829267a5-7ff8-426d-ac6a-52bccb1d834f,25b74999-8d06-4125-9b81-1711dd786398,Luana Martins Ferreira,2010-3-12,F,2B,Evadido,Parda,Até 3 SM
31a41e3d-4497-4cb6-b7f9-b7a23711404d,25b74999-8d06-4125-9b81-1711dd786398,Julia Souza Souza,2008-12-4,F,2A,Ativo,Preta,3-6 SM
4d089790-2766-454d-92fd-96394051c58c,35b74999-8d06-4125-9b81-1711dd786397,Bruno Costa Ribeiro,2011-8-22,M,2B,Ativo,Não declarado,Acima de 10 SM
996411b8-e92b-4a59-87c9-2d598c21086d,35b74999-8d06-4125-9b81-1711dd786397,Thiago Ribeiro Ribeiro,2011-10-19,M,1B,Ativo,Branca,Acima de 10 SM
cd381ace-1062-4b55-8c36-c72d84e26c62,35b74999-8d06-4125-9b81-1711dd786397,Rodrigo Gomes Pereira,2009-12-21,M,1A,Ativo,Branca,3-6 SM
c8806b9e-7775-4020-ba83-c6717147a348,35b74999-8d06-4125-9b81-1711dd786397,Gustavo Martins Silva,2009-12-1,M,3B,Evadido,Indígena,3-6 SM
0182d48a-4eaa-4767-8453-252bd24d5922,35b74999-8d06-4125-9b81-1711dd786397,Helena Ferreira Souza,2008-10-10,F,2A,Ativo,Branca,6-10 SM
fcfa9ba4-d462-498f-8e16-0ad430145b1d,25b74999-8d06-4125-9b81-1711dd786398,Helena Oliveira Rodrigues,2012-5-22,F,2B,Inadimplente,Branca,3-6 SM
63a682d1-d54e-49a4-bd74-65f85f015af9,35b74999-8d06-4125-9b81-1711dd786397,Lucas Silva Almeida,2012-11-6,M,2B,Ativo,Preta,3-6 SM
95f4ae95-707e-4b12-a44b-1c4a145183f1,35b74999-8d06-4125-9b81-1711dd786397,Helena Rodrigues Lima,2008-6-15,F,3B,Ativo,Preta,Acima de 10 SM
11c70894-5d50-4c1b-8189-5dc0854529c0,15b74999-8d06-4125-9b81-1711dd786399,Pedro Santos Carvalho,2009-3-13,M,1B,Ativo,Branca,Até 3 SM
57f463d9-0a64-4492-8321-fe0f9fdf487c,35b74999-8d06-4125-9b81-1711dd786397,Guilherme Alves Lima,2011-7-11,M,3A,Inadimplente,Parda,3-6 SM
9452a293-0dba-4442-8efe-c73189bdc7df,35b74999-8d06-4125-9b81-1711dd786397,Leonardo Santos Pereira,2011-9-2,M,2B,Evadido,Não declarado,3-6 SM
528f0e63-fa36-4e6f-9e24-3eea277b2303,25b74999-8d06-4125-9b81-1711dd786398,Mariana Ribeiro Ferreira,2011-4-23,F,3B,Ativo,Amarela,Acima de 10 SM
01f92781-2d5b-49cb-a4f6-e4e3081a3d28,15b74999-8d06-4125-9b81-1711dd786399,Helena Almeida Pereira,2011-9-25,F,1A,Evadido,Preta,Até 3 SM
c51bb53c-f861-4d4a-b83e-d14001ffc495,25b74999-8d06-4125-9b81-1711dd786398,Lucas Costa Alves,2011-1-22,M,3A,Ativo,Parda,3-6 SM
71770df4-2c8d-4ec8-a2d1-14cc6c61054f,25b74999-8d06-4125-9b81-1711dd786398,Gustavo Ribeiro Santos,2011-8-14,M,1B,Ativo,Preta,3-6 SM
13f633a8-3ecd-4a60-860b-effdca8a0d48,15b74999-8d06-4125-9b81-1711dd786399,Beatriz Carvalho Souza,2010-12-2,F,1B,Inadimplente,Branca,3-6 SM
8ad02a27-fd1b-4996-8373-26c9cec9c56d,35b74999-8d06-4125-9b81-1711dd786397,Daniel Souza Costa,2008-1-25,M,1A,Ativo,Parda,6-10 SM
1eb3284e-b920-43ab-ac9d-d4ab2fae2f35,35b74999-8d06-4125-9b81-1711dd786397,Camila Souza Souza,2012-12-4,F,2A,Ativo,Preta,3-6 SM
9cdc08df-ea6e-41f7-901e-52df6debb79b,35b74999-8d06-4125-9b81-1711dd786397,Valentina Costa Souza,2009-9-18,F,2A,Ativo,Branca,Até 3 SM
935cb5dc-9a08-4fe9-9bab-2a8ed0ba6ebc,25b74999-8d06-4125-9b81-1711dd786398,Bruno Oliveira Santos,2009-1-1,M,2A,Ativo,Indígena,Até 3 SM
5c48f49b-c163-4652-9771-c9e6d1807be3,15b74999-8d06-4125-9b81-1711dd786399,Matheus Ferreira Almeida,2010-9-9,M,1B,Ativo,Parda,6-10 SM
551df274-830c-4d83-b705-5b7b92c33a87,35b74999-8d06-4125-9b81-1711dd786397,Amanda Martins Rodrigues,2012-4-25,F,1B,Inadimplente,Branca,3-6 SM
a049c648-1b25-4505-a25b-155d843bbbb8,35b74999-8d06-4125-9b81-1711dd786397,Pedro Almeida Carvalho,2012-8-1,M,2A,Ativo,Indígena,Até 3 SM
713fb9ad-1c97-4ec9-ac03-490964e03c6e,15b74999-8d06-4125-9b81-1711dd786399,Bruno Carvalho Lima,2008-4-17,M,1A,Ativo,Parda,Até 3 SM
f504b331-2e05-48dd-8548-d4eeb1e7cd32,15b74999-8d06-4125-9b81-1711dd786399,Pedro Gomes Rodrigues,2012-5-9,M,3B,Evadido,Preta,6-10 SM
69a412c4-5761-4b73-a776-ff25058fca35,35b74999-8d06-4125-9b81-1711dd786397,Leonardo Ribeiro Almeida,2011-12-13,M,2A,Ativo,Branca,Até 3 SM
78ca107c-b6b1-4798-b4d4-1102af1b32ca,35b74999-8d06-4125-9b81-1711dd786397,Mariana Lima Lima,2008-7-27,F,2B,Ativo,Indígena,Até 3 SM
a029e150-4843-48cf-aa21-92dcb9b53ef7,25b74999-8d06-4125-9b81-1711dd786398,Rafael Costa Santos,2012-9-23,M,3A,Ativo,Amarela,3-6 SM
a04fd808-f32b-4a0d-aa38-27d975b15a49,35b74999-8d06-4125-9b81-1711dd786397,Larissa Carvalho Pereira,2011-7-8,F,3A,Ativo,Preta,Até 3 SM
b42dd8b4-1288-45b4-87f3-f31c4badc1f9,35b74999-8d06-4125-9b81-1711dd786397,Gustavo Rodrigues Silva,2012-4-5,M,2B,Ativo,Indígena,3-6 SM
6213daad-982b-4bc6-bf3d-5bb5e3e12105,25b74999-8d06-4125-9b81-1711dd786398,Ana Silva Alves,2009-2-28,F,2B,Ativo,Indígena,6-10 SM
4a16003d-9ae0-4280-959e-dd339e60c790,25b74999-8d06-4125-9b81-1711dd786398,Ana Ferreira Silva,2012-6-21,F,2B,Ativo,Parda,3-6 SM
aa9ac336-b173-4d27-9823-aa6b3be8f78e,25b74999-8d06-4125-9b81-1711dd786398,Letícia Costa Almeida,2009-9-22,F,3A,Ativo,Preta,6-10 SM
0d4b6dd5-eb95-4885-bcf1-4aabbce71458,15b74999-8d06-4125-9b81-1711dd786399,Gustavo Carvalho Lima,2008-6-4,M,2B,Inadimplente,Branca,Acima de 10 SM
e7f55b5f-bca3-42e9-88a7-481f6bd523d6,15b74999-8d06-4125-9b81-1711dd786399,Thiago Carvalho Ribeiro,2010-1-4,M,3B,Ativo,Parda,6-10 SM
e68b4e25-2014-4d0a-9251-7b60691e8195,15b74999-8d06-4125-9b81-1711dd786399,Julia Almeida Costa,2009-6-15,F,1A,Ativo,Branca,3-6 SM
2c2fdec3-6faf-458d-a26d-4ebae6e9de0d,15b74999-8d06-4125-9b81-1711dd786399,Felipe Souza Martins,2012-1-22,M,2A,Ativo,Não declarado,6-10 SM
f34be4d0-481f-4420-9b48-5b75c3b7be77,35b74999-8d06-4125-9b81-1711dd786397,Gustavo Santos Souza,2012-12-2,M,2B,Ativo,Parda,Até 3 SM
e3f52207-d51b-4725-9848-6d02d8fa573b,25b74999-8d06-4125-9b81-1711dd786398,Rafael Lopes Martins,2012-7-17,M,1B,Inadimplente,Indígena,Acima de 10 SM
0d7e7f52-ffa7-4797-bcf1-8939cef386a7,35b74999-8d06-4125-9b81-1711dd786397,Rodrigo Lopes Carvalho,2010-6-19,M,2B,Ativo,Parda,3-6 SM
3388d2f1-bf6d-4a52-8a76-bc9870b30cc3,35b74999-8d06-4125-9b81-1711dd786397,Amanda Almeida Oliveira,2009-6-22,F,3B,Ativo,Parda,Acima de 10 SM
1bac8c43-7b8d-4eb8-a748-d62fdfac88cc,25b74999-8d06-4125-9b81-1711dd786398,Bruno Oliveira Carvalho,2009-8-17,M,1A,Ativo,Amarela,Acima de 10 SM
56c2f1a2-f2a8-4f17-b4b4-ed9d6542154d,25b74999-8d06-4125-9b81-1711dd786398,Matheus Ribeiro Santos,2012-10-16,M,3A,Ativo,Parda,3-6 SM
9386e609-bb65-4ba4-a064-1dbedf8dbcb4,25b74999-8d06-4125-9b81-1711dd786398,Isabela Lopes Pereira,2008-3-4,F,2B,Ativo,Preta,Até 3 SM
9210d712-3597-42f9-b7bb-34ebece90860,25b74999-8d06-4125-9b81-1711dd786398,Valentina Pereira Lopes,2008-10-22,F,2B,Ativo,Parda,6-10 SM
8342eb86-1932-43e5-a48c-3e61e2872860,25b74999-8d06-4125-9b81-1711dd786398,Sophia Santos Lopes,2009-10-4,F,2B,Inadimplente,Preta,3-6 SM
882af89a-36ea-45da-9140-a3c9f18f1559,25b74999-8d06-4125-9b81-1711dd786398,Pedro Rodrigues Almeida,2008-1-19,M,1A,Ativo,Branca,3-6 SM
cd23eb29-b71d-423a-a1b0-671fb5f06a52,25b74999-8d06-4125-9b81-1711dd786398,Sophia Ribeiro Ferreira,2009-12-11,F,1A,Evadido,Branca,3-6 SM
e6cec183-e206-4c4b-9a9c-48a53655a9fe,15b74999-8d06-4125-9b81-1711dd786399,Sophia Costa Ribeiro,2011-6-13,F,3B,Ativo,Parda,Até 3 SM
18adadbb-e24c-4327-bb55-632738b5e408,25b74999-8d06-4125-9b81-1711dd786398,Letícia Ferreira Carvalho,2011-10-23,F,3B,Ativo,Parda,Acima de 10 SM
85bb19e0-61de-41e4-88ec-27b886bef66c,15b74999-8d06-4125-9b81-1711dd786399,Lucas Almeida Silva,2010-12-9,M,3B,Inadimplente,Parda,3-6 SM
cf885fb2-5b5c-49d3-83e3-fe6c6e349bc5,35b74999-8d06-4125-9b81-1711dd786397,Julia Ferreira Lima,2008-5-27,F,1B,Ativo,Não declarado,3-6 SM
89b18b8d-ec6e-4193-a563-447ea994ef25,15b74999-8d06-4125-9b81-1711dd786399,Rodrigo Lopes Souza,2010-6-25,M,2A,Ativo,Branca,3-6 SM
19d1ee3c-f1f3-45a7-876d-8d972fd33b95,25b74999-8d06-4125-9b81-1711dd786398,Vitor Pereira Ribeiro,2009-3-11,M,2B,Ativo,Branca,6-10 SM
3b1c76bc-588d-4d4d-aa40-c6a35bcab8f7,25b74999-8d06-4125-9b81-1711dd786398,Julia Oliveira Martins,2010-8-1,F,1A,Inadimplente,Branca,Acima de 10 SM
0aff2585-c10c-4332-93c9-eb0dcab4eabe,15b74999-8d06-4125-9b81-1711dd786399,Daniel Almeida Costa,2012-6-17,M,2A,Ativo,Não declarado,Acima de 10 SM
be576b43-e428-44f4-807d-02f0d44fb7d9,15b74999-8d06-4125-9b81-1711dd786399,Guilherme Alves Costa,2012-4-5,M,3A,Ativo,Preta,Acima de 10 SM
a907f82b-f2d7-487f-bf5b-ec237474da89,15b74999-8d06-4125-9b81-1711dd786399,Isabela Ribeiro Santos,2008-11-18,F,1A,Ativo,Parda,Até 3 SM
ffc78719-e6de-440c-9cb6-7600c3dabfda,35b74999-8d06-4125-9b81-1711dd786397,Rafael Ribeiro Costa,2009-3-6,M,3B,Ativo,Branca,3-6 SM
b2a0cc71-176a-46be-b931-ea216aa071c9,15b74999-8d06-4125-9b81-1711dd786399,Rafael Martins Lopes,2012-3-21,M,1B,Ativo,Preta,Acima de 10 SM
a1c45b87-7348-4a9b-931f-59850f4b6789,15b74999-8d06-4125-9b81-1711dd786399,Luana Costa Lima,2008-5-24,F,3A,Ativo,Parda,Até 3 SM
34cf1781-88b3-4097-8bfc-eed4ee2f674f,25b74999-8d06-4125-9b81-1711dd786398,Helena Lopes Carvalho,2010-5-26,F,1A,Ativo,Amarela,6-10 SM
a741e695-0793-45b1-9282-93a7a7ff7f39,35b74999-8d06-4125-9b81-1711dd786397,Gabriela Santos Oliveira,2012-12-6,F,2A,Evadido,Indígena,6-10 SM
a1484af9-ea42-4f0b-ab5f-a1ccd1df6804,15b74999-8d06-4125-9b81-1711dd786399,Valentina Carvalho Silva,2012-8-11,F,1B,Evadido,Parda,Até 3 SM
15a67953-8b58-482e-88a2-5007048fc323,35b74999-8d06-4125-9b81-1711dd786397,Daniel Alves Lopes,2008-6-27,M,2B,Ativo,Indígena,3-6 SM
2d0afe2f-e2b0-4fd0-a2b9-d358e9ea28dd,25b74999-8d06-4125-9b81-1711dd786398,Gabriel Pereira Alves,2010-12-14,M,3B,Inadimplente,Parda,Até 3 SM
e2868bd1-acab-45af-b053-b6ab871f27da,35b74999-8d06-4125-9b81-1711dd786397,Matheus Silva Pereira,2008-7-10,M,3B,Ativo,Parda,Até 3 SM
d10f9123-8535-47c3-a78d-f76d2c4d6787,25b74999-8d06-4125-9b81-1711dd786398,João Gomes Almeida,2008-9-22,M,2A,Ativo,Não declarado,Até 3 SM
235b0f86-03a8-4b05-af4d-52bf460bb10b,25b74999-8d06-4125-9b81-1711dd786398,Bruno Ferreira Silva,2011-6-4,M,3A,Evadido,Parda,3-6 SM
f749e471-930e-41ed-97b7-ead6ca435d48,35b74999-8d06-4125-9b81-1711dd786397,João Lima Carvalho,2008-9-4,M,1B,Ativo,Branca,3-6 SM
42e78757-8b26-4df1-8fee-1778154ba98d,25b74999-8d06-4125-9b81-1711dd786398,Daniel Lima Santos,2010-8-20,M,2A,Evadido,Parda,3-6 SM
63b6baec-a608-4c13-83bd-f03519af56e9,15b74999-8d06-4125-9b81-1711dd786399,Valentina Martins Martins,2011-12-7,F,1A,Ativo,Indígena,3-6 SM
5e7c58e6-94ec-42b8-8f5b-c28ae5ba0ae4,15b74999-8d06-4125-9b81-1711dd786399,Luana Ribeiro Carvalho,2011-11-27,F,1A,Ativo,Não declarado,6-10 SM
56f28006-fa3b-4e6f-abfd-11b55d53b4cc,15b74999-8d06-4125-9b81-1711dd786399,Valentina Ferreira Oliveira,2010-11-26,F,2B,Inadimplente,Parda,Até 3 SM
084bfdc5-10cd-4573-b155-ce6585ff8b68,15b74999-8d06-4125-9b81-1711dd786399,Letícia Alves Carvalho,2011-6-18,F,1A,Evadido,Não declarado,6-10 SM
4132286e-b9c3-41f9-a6a8-fc7a4688955c,15b74999-8d06-4125-9b81-1711dd786399,Leonardo Souza Ribeiro,2012-6-1,M,3A,Ativo,Branca,3-6 SM
45cc566d-ff04-45c2-9a5e-5bdecc6feee5,35b74999-8d06-4125-9b81-1711dd786397,Bruno Lima Carvalho,2009-3-22,M,2A,Ativo,Parda,Até 3 SM
358a9526-9b37-402a-8511-10e0b401d311,35b74999-8d06-4125-9b81-1711dd786397,Valentina Gomes Lima,2011-2-28,F,1B,Inadimplente,Preta,3-6 SM
68ec7a9d-a6aa-40d4-8084-7f2cd6b40043,15b74999-8d06-4125-9b81-1711dd786399,Mariana Souza Costa,2012-5-15,F,3A,Inadimplente,Amarela,Até 3 SM
1913de97-61b0-4603-b11d-7b5a18456632,35b74999-8d06-4125-9b81-1711dd786397,Rodrigo Alves Martins,2011-8-21,M,2B,Evadido,Branca,Acima de 10 SM
354811dc-274b-4b9a-8b05-047f7bee7a6d,15b74999-8d06-4125-9b81-1711dd786399,Maria Ferreira Pereira,2012-11-7,F,2A,Ativo,Não declarado,Até 3 SM
6797e835-a0d0-4cd5-be1b-b3c5197ae1f7,15b74999-8d06-4125-9b81-1711dd786399,Larissa Santos Souza,2010-4-21,F,2A,Evadido,Parda,Até 3 SM
c7cb88c5-cad9-42d8-9d20-3d6e1928095b,25b74999-8d06-4125-9b81-1711dd786398,Valentina Lopes Souza,2012-12-21,F,1A,Evadido,Parda,Acima de 10 SM
2babc437-b9f1-4787-b988-77603f903997,25b74999-8d06-4125-9b81-1711dd786398,Letícia Lima Oliveira,2008-4-18,F,2A,Ativo,Preta,Até 3 SM
2797c15e-9427-49a9-98d7-f5df51d01453,15b74999-8d06-4125-9b81-1711dd786399,Lucas Costa Souza,2011-4-23,M,2B,Ativo,Branca,Acima de 10 SM
ccd49529-c7a9-48f2-a5d1-3ecf17e41854,15b74999-8d06-4125-9b81-1711dd786399,Beatriz Lima Silva,2011-11-2,F,1A,Inadimplente,Amarela,3-6 SM
243e4577-2248-47c0-8181-13d446b8d15b,15b74999-8d06-4125-9b81-1711dd786399,Ana Almeida Ribeiro,2012-5-28,F,3B,Ativo,Branca,3-6 SM
58d69db7-1ea7-4c06-ad5e-954503052deb,35b74999-8d06-4125-9b81-1711dd786397,Rodrigo Costa Silva,2012-11-27,M,1A,Ativo,Branca,Acima de 10 SM
fbdedbf1-0cc3-4fb1-83b0-e2ce9c96bfd6,25b74999-8d06-4125-9b81-1711dd786398,Bruno Silva Rodrigues,2010-4-22,M,1B,Ativo,Não declarado,6-10 SM
061720d1-fa2e-4519-b292-c414097fe753,15b74999-8d06-4125-9b81-1711dd786399,Luana Ferreira Martins,2011-4-2,F,3B,Ativo,Amarela,Até 3 SM
da6baf65-c1ba-479a-907f-57d261dea095,35b74999-8d06-4125-9b81-1711dd786397,Sophia Lopes Rodrigues,2012-11-1,F,3B,Ativo,Branca,Acima de 10 SM
f9f47ed5-99e9-493f-afe8-758a9b53f3c0,35b74999-8d06-4125-9b81-1711dd786397,Sophia Martins Martins,2009-6-15,F,2A,Ativo,Amarela,3-6 SM
5268a094-6e26-428d-8918-18bb8d09bfc7,35b74999-8d06-4125-9b81-1711dd786397,Camila Rodrigues Santos,2008-1-12,F,1B,Ativo,Branca,3-6 SM
c4e163fa-449e-4b1c-a0b9-f259d9417f0c,25b74999-8d06-4125-9b81-1711dd786398,Daniel Alves Costa,2008-1-22,M,3B,Ativo,Não declarado,3-6 SM
8e66679d-0dc1-4c71-a634-7fc4ea4d62a5,15b74999-8d06-4125-9b81-1711dd786399,Mariana Costa Gomes,2012-1-8,F,3A,Evadido,Branca,6-10 SM
0d3e1f70-d7f1-4c0b-92d5-ab7a8da3159a,35b74999-8d06-4125-9b81-1711dd786397,Rodrigo Souza Almeida,2010-7-10,M,1A,Ativo,Amarela,Até 3 SM
0e0bf1d9-699d-4075-b6ff-03bbff796620,25b74999-8d06-4125-9b81-1711dd786398,Gabriel Martins Martins,2009-4-10,M,2B,Ativo,Não declarado,3-6 SM
9a72ad0e-f931-4665-82f7-6b6fbb21ac16,15b74999-8d06-4125-9b81-1711dd786399,Isabela Gomes Lima,2009-6-18,F,2B,Ativo,Indígena,Até 3 SM
b3e6b908-f429-4456-820e-ac1ec0ea2c6e,15b74999-8d06-4125-9b81-1711dd786399,Pedro Oliveira Souza,2011-6-9,M,2B,Ativo,Branca,Acima de 10 SM
5ce03b15-f386-4aaf-9f91-a615e17a0c86,25b74999-8d06-4125-9b81-1711dd786398,João Silva Rodrigues,2008-7-11,M,2B,Ativo,Parda,3-6 SM
760da9c2-6919-47f0-b3e1-29d814470e27,15b74999-8d06-4125-9b81-1711dd786399,Gabriela Silva Pereira,2008-2-12,F,2A,Ativo,Parda,3-6 SM
3e496b0c-9271-49da-8a26-89eb5b8ff8a7,15b74999-8d06-4125-9b81-1711dd786399,Mariana Carvalho Santos,2012-12-28,F,2B,Evadido,Indígena,Acima de 10 SM
1d014faf-97bd-4e7b-add3-206fe96065b3,25b74999-8d06-4125-9b81-1711dd786398,Mariana Gomes Souza,2012-9-19,F,3A,Ativo,Branca,3-6 SM
eab03561-55e3-481b-ba0a-c94a42d356d4,35b74999-8d06-4125-9b81-1711dd786397,Rodrigo Ferreira Santos,2009-5-26,M,1B,Ativo,Parda,Acima de 10 SM
b86f4265-3e19-45ec-a7ce-fc6af879a478,25b74999-8d06-4125-9b81-1711dd786398,Mariana Martins Pereira,2011-2-19,F,2B,Ativo,Não declarado,Até 3 SM
27728c63-283a-4345-9c4f-ddcf126662a4,15b74999-8d06-4125-9b81-1711dd786399,Isabela Souza Martins,2008-8-13,F,3B,Ativo,Branca,3-6 SM
041bbd9a-4059-4b71-bcb1-fb7ea91a2401,15b74999-8d06-4125-9b81-1711dd786399,Lucas Oliveira Ferreira,2011-9-7,M,1A,Ativo,Preta,3-6 SM
b39b47d0-d114-493d-9d1a-b6762904e105,15b74999-8d06-4125-9b81-1711dd786399,Rafael Lopes Martins,2009-12-21,M,3A,Inadimplente,Branca,3-6 SM
32064b93-1fcd-4c7a-b3d1-dc96fa4d5690,25b74999-8d06-4125-9b81-1711dd786398,Pedro Rodrigues Lima,2008-11-8,M,1A,Ativo,Indígena,6-10 SM
8d1979ae-2c82-4827-8931-6f839fa8778c,35b74999-8d06-4125-9b81-1711dd786397,Camila Rodrigues Ferreira,2008-2-15,F,2A,Evadido,Indígena,Até 3 SM
774765c6-ee0d-4c78-906a-7b4344f15ff8,25b74999-8d06-4125-9b81-1711dd786398,Valentina Oliveira Ribeiro,2009-1-6,F,3A,Inadimplente,Branca,6-10 SM
fd6d8080-969e-4d0c-a2d4-5ba7fedcd2fc,15b74999-8d06-4125-9b81-1711dd786399,Vitor Ferreira Oliveira,2008-7-11,M,1B,Ativo,Parda,3-6 SM
d723bcd3-aba0-4272-b45b-38e70c0f0796,35b74999-8d06-4125-9b81-1711dd786397,Sophia Lima Pereira,2008-2-20,F,3A,Evadido,Branca,Até 3 SM
63db2e68-072c-4f12-aa1c-af3c8ed39ab0,15b74999-8d06-4125-9b81-1711dd786399,Vitor Almeida Costa,2012-8-2,M,1B,Ativo,Branca,Até 3 SM
a4f49125-f263-48a4-a052-9d7b0d4cb69b,35b74999-8d06-4125-9b81-1711dd786397,Vitor Ribeiro Alves,2012-6-26,M,2A,Ativo,Parda,3-6 SM
7023ba59-3afa-4e47-ba5f-26446ed80b65,25b74999-8d06-4125-9b81-1711dd786398,Larissa Alves Santos,2011-1-2,F,2B,Ativo,Não declarado,3-6 SM
60c6373b-3189-4a14-882a-9b328f0c938f,15b74999-8d06-4125-9b81-1711dd786399,Amanda Silva Silva,2008-10-14,F,1A,Evadido,Indígena,Até 3 SM
f7526fa0-97fe-4c6d-a44b-5aec465eaa53,35b74999-8d06-4125-9b81-1711dd786397,Julia Lima Lopes,2011-6-5,F,2A,Ativo,Parda,3-6 SM
eb95a56b-ae18-406a-8057-82f386ffa5d0,15b74999-8d06-4125-9b81-1711dd786399,Larissa Alves Silva,2008-6-17,F,1A,Evadido,Branca,6-10 SM
4de77def-a6f8-4092-a374-5619aa62a2a5,35b74999-8d06-4125-9b81-1711dd786397,Julia Oliveira Silva,2009-2-14,F,1B,Ativo,Preta,3-6 SM
5eee21c4-236a-4385-8ddc-a4776c44b159,25b74999-8d06-4125-9b81-1711dd786398,Vitor Oliveira Lopes,2009-11-23,M,1B,Ativo,Branca,Até 3 SM
35ba9a4e-ecf0-406f-b27e-854cc9a1d850,25b74999-8d06-4125-9b81-1711dd786398,Lucas Almeida Alves,2009-8-6,M,1B,Inadimplente,Indígena,Até 3 SM
ea07d216-c428-4155-9eee-0ee897123909,35b74999-8d06-4125-9b81-1711dd786397,Julia Lima Alves,2009-5-19,F,2A,Ativo,Amarela,6-10 SM
54aac1a9-e734-415d-ae2f-90bd29d50b3b,25b74999-8d06-4125-9b81-1711dd786398,Helena Lima Lima,2011-3-2,F,2A,Inadimplente,Parda,3-6 SM
66d35c8d-d796-48ae-8d78-f985e633b48f,15b74999-8d06-4125-9b81-1711dd786399,Rafael Costa Ferreira,2012-4-21,M,2A,Ativo,Branca,Acima de 10 SM
12c541ba-0277-429f-8c48-4d881e7dcce0,15b74999-8d06-4125-9b81-1711dd786399,Guilherme Gomes Souza,2009-1-11,M,2B,Ativo,Não declarado,6-10 SM
3866b31e-7d0a-4c0c-9841-b61d6279b39f,35b74999-8d06-4125-9b81-1711dd786397,Amanda Costa Rodrigues,2011-12-9,F,2A,Ativo,Não declarado,6-10 SM
d0eb4e9a-efa5-4c37-a01a-ca045b4c6bc9,25b74999-8d06-4125-9b81-1711dd786398,Leonardo Rodrigues Gomes,2011-2-6,M,1B,Ativo,Preta,3-6 SM
347bf340-c1fd-4319-8c84-3cd759ae9d35,35b74999-8d06-4125-9b81-1711dd786397,Maria Martins Oliveira,2011-4-12,F,2B,Inadimplente,Preta,6-10 SM
dc283d56-95e4-4812-a756-50506637c86e,25b74999-8d06-4125-9b81-1711dd786398,João Ferreira Silva,2012-7-14,M,1A,Ativo,Indígena,3-6 SM
3a43bfa0-8aef-49a6-a925-063b9a9e4965,25b74999-8d06-4125-9b81-1711dd786398,Gustavo Souza Oliveira,2010-9-17,M,2B,Ativo,Preta,Até 3 SM
329b0018-bf21-42a8-bdc6-4fad5f46d2ee,15b74999-8d06-4125-9b81-1711dd786399,Letícia Souza Silva,2012-11-1,F,1B,Ativo,Não declarado,Até 3 SM
82a1637a-4854-4440-8ff5-bb07fc4fd73b,25b74999-8d06-4125-9b81-1711dd786398,Daniel Pereira Pereira,2008-6-17,M,1A,Ativo,Parda,3-6 SM
8f6c0e90-a2c8-4c90-baad-2581e927784d,15b74999-8d06-4125-9b81-1711dd786399,Daniel Lopes Costa,2012-11-5,M,2A,Inadimplente,Preta,6-10 SM
7722cca6-af8d-4378-83bf-c0774b254880,25b74999-8d06-4125-9b81-1711dd786398,Isabela Martins Costa,2012-12-10,F,2B,Ativo,Amarela,Acima de 10 SM
e5c9579c-f43b-4e37-9df8-fe5df04a0bbe,25b74999-8d06-4125-9b81-1711dd786398,Felipe Pereira Souza,2011-12-28,M,1A,Ativo,Indígena,6-10 SM
b45e3ee8-a4d4-4d26-97b9-dc98a09a811a,35b74999-8d06-4125-9b81-1711dd786397,Isabela Costa Gomes,2008-10-8,F,2B,Ativo,Não declarado,Até 3 SM
c612a047-5aaf-48bf-84a5-2d074c1890e8,15b74999-8d06-4125-9b81-1711dd786399,Vitor Alves Souza,2010-12-20,M,3A,Ativo,Preta,6-10 SM
ff375b4e-5ffc-4415-a6e8-c0e0402abd0c,35b74999-8d06-4125-9b81-1711dd786397,Pedro Rodrigues Pereira,2008-3-10,M,2B,Ativo,Preta,Até 3 SM
3c9a0f54-84c2-46a4-b311-59331e874a01,35b74999-8d06-4125-9b81-1711dd786397,Maria Lima Silva,2010-2-24,F,1B,Inadimplente,Preta,6-10 SM
e5d3b140-5d1b-44ce-9beb-e01422ac58f1,15b74999-8d06-4125-9b81-1711dd786399,Leonardo Silva Pereira,2008-7-7,M,2A,Evadido,Preta,3-6 SM
717d5164-e3dc-4095-b842-ac9fa9121c56,25b74999-8d06-4125-9b81-1711dd786398,Rodrigo Lima Lima,2011-11-28,M,3A,Ativo,Branca,6-10 SM
a148a69e-e252-4606-b62b-3623818662ae,25b74999-8d06-4125-9b81-1711dd786398,Gabriel Carvalho Pereira,2010-6-4,M,3B,Ativo,Branca,Até 3 SM
0b89c450-1028-4c99-8ef5-e63f93896570,35b74999-8d06-4125-9b81-1711dd786397,Beatriz Almeida Almeida,2008-9-23,F,1A,Inadimplente,Indígena,3-6 SM
b99e969d-5929-448a-8fd5-5b000b1fe60b,35b74999-8d06-4125-9b81-1711dd786397,Larissa Carvalho Oliveira,2012-7-19,F,2A,Ativo,Branca,3-6 SM
d21bccc1-f928-4ec8-bd17-cd8208a9e056,15b74999-8d06-4125-9b81-1711dd786399,Rafael Costa Lopes,2010-5-11,M,1B,Ativo,Parda,Até 3 SM
691159f7-fa0f-4de2-9262-c23492ec57b5,25b74999-8d06-4125-9b81-1711dd786398,Beatriz Martins Ribeiro,2009-8-28,F,1A,Inadimplente,Parda,3-6 SM
61050c81-562c-429a-b464-7f05b2fac961,35b74999-8d06-4125-9b81-1711dd786397,João Carvalho Martins,2010-5-16,M,1B,Ativo,Não declarado,6-10 SM
726167a4-f2d9-483a-86af-29a66d7e0c1c,25b74999-8d06-4125-9b81-1711dd786398,Maria Souza Santos,2011-7-4,F,2A,Ativo,Branca,Até 3 SM
e35a6047-56df-47e9-919d-75db32c8ab7e,15b74999-8d06-4125-9b81-1711dd786399,Gabriela Costa Lima,2012-3-18,F,3B,Ativo,Indígena,Até 3 SM
cb849939-e515-48c9-b69d-d60f69d3b2c2,35b74999-8d06-4125-9b81-1711dd786397,Felipe Costa Santos,2012-12-6,M,1A,Ativo,Branca,3-6 SM
eee728c9-f5e3-48b6-9063-b26ce9973b97,25b74999-8d06-4125-9b81-1711dd786398,Luana Oliveira Carvalho,2009-4-14,F,2B,Ativo,Branca,3-6 SM
e29a470f-35be-4e1c-83dd-afafe7ea14b0,25b74999-8d06-4125-9b81-1711dd786398,Felipe Rodrigues Alves,2012-2-19,M,2B,Ativo,Indígena,Acima de 10 SM
71d784ec-41db-4ac0-ac77-ecbfcd398523,25b74999-8d06-4125-9b81-1711dd786398,Ana Pereira Carvalho,2010-2-18,F,2B,Ativo,Branca,Até 3 SM
03c9e730-b726-4305-b958-7653913f2949,25b74999-8d06-4125-9b81-1711dd786398,Rodrigo Alves Costa,2009-9-7,M,3B,Inadimplente,Parda,Até 3 SM
19d7fb14-55c9-455f-940a-9e05e3643349,25b74999-8d06-4125-9b81-1711dd786398,Luana Lima Martins,2012-3-28,F,2B,Inadimplente,Amarela,Até 3 SM
75cdc788-5a86-497a-917d-6b479368e872,15b74999-8d06-4125-9b81-1711dd786399,Guilherme Rodrigues Costa,2010-12-20,M,2B,Inadimplente,Amarela,3-6 SM
3fdc7b7c-16b7-465e-9e8e-762e808d574a,25b74999-8d06-4125-9b81-1711dd786398,Julia Ribeiro Santos,2008-3-10,F,2B,Ativo,Não declarado,6-10 SM
ff227806-2b65-41cf-98e5-44d92db9257a,25b74999-8d06-4125-9b81-1711dd786398,Luana Costa Rodrigues,2010-9-27,F,3B,Ativo,Preta,3-6 SM
2fbdf23f-2213-4447-8dd8-6a0cc6565d73,15b74999-8d06-4125-9b81-1711dd786399,Maria Almeida Rodrigues,2008-8-25,F,2A,Inadimplente,Parda,Até 3 SM
0ca6c403-79a2-4bb8-9357-ae6f7b824aa4,25b74999-8d06-4125-9b81-1711dd786398,Bruno Carvalho Rodrigues,2011-8-11,M,2B,Ativo,Branca,Até 3 SM
60858126-97eb-4b55-9260-577bb4072f8b,15b74999-8d06-4125-9b81-1711dd786399,Amanda Silva Rodrigues,2008-4-9,F,2A,Ativo,Parda,6-10 SM
118481d0-89cd-42be-8874-4a9716638051,35b74999-8d06-4125-9b81-1711dd786397,Gabriel Martins Souza,2008-5-21,M,3A,Inadimplente,Indígena,3-6 SM
6305300d-f109-4f1a-bc27-c3a76a8438e7,25b74999-8d06-4125-9b81-1711dd786398,Sophia Alves Alves,2008-10-20,F,3A,Ativo,Amarela,Até 3 SM
4f8000c5-9049-487a-b8b1-a276241eec96,25b74999-8d06-4125-9b81-1711dd786398,Luana Martins Souza,2012-10-9,F,2A,Ativo,Branca,3-6 SM
f1cd9180-173d-43fe-9138-07e6947c66a2,35b74999-8d06-4125-9b81-1711dd786397,Beatriz Almeida Souza,2010-9-2,F,3B,Ativo,Indígena,3-6 SM
c2c85ada-b9b5-4e87-b913-fcc3f3fc7ca7,35b74999-8d06-4125-9b81-1711dd786397,Leonardo Souza Almeida,2010-1-15,M,2A,Ativo,Branca,3-6 SM
1294854e-97ee-4406-a5b3-7ab605526078,25b74999-8d06-4125-9b81-1711dd786398,Bruno Ferreira Lopes,2010-8-21,M,3B,Ativo,Parda,Acima de 10 SM
cc7e4c37-3d1c-4ee6-9b66-9ee13afe44b0,35b74999-8d06-4125-9b81-1711dd786397,Gabriel Pereira Ribeiro,2011-6-8,M,2B,Ativo,Branca,3-6 SM
aa0bb197-cd47-40cc-b09f-32ce5ef00c29,15b74999-8d06-4125-9b81-1711dd786399,Larissa Rodrigues Silva,2008-5-27,F,3A,Ativo,Branca,Acima de 10 SM
f301a0e8-1f03-4f98-8f4f-5e6ee5827b88,15b74999-8d06-4125-9b81-1711dd786399,Isabela Ribeiro Ribeiro,2012-2-24,F,1A,Evadido,Preta,Acima de 10 SM
f313f2dd-6b92-4784-83cb-5aefcf1c4088,25b74999-8d06-4125-9b81-1711dd786398,Camila Almeida Lopes,2010-7-26,F,2A,Inadimplente,Indígena,3-6 SM
a7eeadad-da2f-4636-b2b4-0c4e9e061325,35b74999-8d06-4125-9b81-1711dd786397,Ana Lima Costa,2010-8-20,F,3A,Ativo,Amarela,3-6 SM
8f885fe3-a8a7-4385-8e29-5986c2715165,25b74999-8d06-4125-9b81-1711dd786398,Mariana Souza Almeida,2009-8-21,F,1A,Ativo,Branca,Acima de 10 SM
fd3bd082-6d8c-4687-9169-8c189fd8cdc6,25b74999-8d06-4125-9b81-1711dd786398,Matheus Carvalho Ferreira,2009-5-26,M,3B,Ativo,Branca,Até 3 SM